name,type,brand,description,link,price,in_stock,discount
Акустическая гитара Yamaha FG800BS,Акустическая гитара,Yamaha,"Каждая деталь серии FG разработана, чтобы сделать гитару еще совершеннее. Дерево тщательно отбирается и просушивается. Покрытие наносится вручную. Проверка качества на каждом этапе сборки 

Задняя дека и обечайка (Окуме и Нато) обладают характеристиками схожими со звуком Красного дерева. 
Объемное и плотное звучание, насыщенное средними частотами. 

Характеристики: 
 Мензура: 650 мм (25 9/16”) 
 Длина деки: 505 мм (19 7/8"") 
 Общая длина: 1038 мм (40 7/8"") 
 Ширина деки: 412 мм (16 1/4"") 
 Глубина корпуса: 100-118 мм (3 15/16”- 4 5/8”) 
 Ширина верхнего порожка: 43 мм (1 11/16”) 
 String Spacing: 11.0 мм 
 Материал верхней декид: Ель Массив 
 Материал нижней деки: Нато или Окуме 
 Материал обечайки: Нато или Окуме 
 Материал грифа: Нато 
 Материал накладки на гриф: Палисандр 
 Радиус накладки на гриф: R400 мм (23 5/8"") 
 Материал бриджа: Палисандр 
 Материал верхнего порожка: Дюропласт 
 Материал нижнего порожка: Дюропласт 
 Шпильки для бриджа: Пластик 
 Колки: Литые, Хромированные(TM29T) 
 Окантовка корпуса: Черный 
 Цвет Brown sunburst",https://muzlider.ru/catalog/gitary/akusticheskie_gitary/12487/,32990,TRUE,FALSE
Акустическая гитара Cort EARTH100-NS Earth Series,Акустическая гитара,Cort,"В знак уважения к великим винтажным акустическим гитарам, серия Earth воспроизводит их внешний вид, звучание, ощущения и играбельность в бескомпромиссном качестве и с отличной стоимостью. Гитары серии Earth замечательно подходят как для игры аккордами, так и перебором и изготовлены из проверенных временем классических материалов, таких как ель, красное дерево и палисандр. 

Верхняя дека из массива ситхинской ели.
Древесина ели обладает идеальным балансом прочности и гибкости, что делает ее лучшим выбором для верхней деки акустической гитары. Универсальный звуковой характер ели отлично подходит для множества музыкальных жанров и стилей игры. 

Задняя дека и обечайка из красного дерева.
Яркое, мощное с теплыми средними частотами, красное дерево на протяжении десятилетий является лучшим выбором для задней деки и обечайки акустических гитар премиум класса. 

Сложная перламутровая розетка.
Центральная розетка из натурального перламутра удачно сочетается с пластиком АБС, создавая классический, и в то же время изысканный внешний вид. 

Порожки из кости.
Верхний и нижний порожки изготовлены из кости азиатского буйвола для наиболее естественной и прозрачной передачи энергии вибрации струн корпусу и грифу. 

Бридж с пазом.
Эксклюзивная форма бриджа с пазом позволяет увеличить угол струны на нижнем порожке. Это снижает натяжение струн вдоль грифа, уменьшая усталость пальцев и увеличивает длительность сустейна. 

Ультрафиолетовое покрытие.
Высокотехнологичное покрытие получаемое с помощью ультрафиолетового излучения отличается высокой прочностью и устойчивостью к царапинам. Тонкое и почти невесомое, оно улучшает естественный акустический резонанс инструмента для его насыщенного и полного звучания. 

Форма корпуса: дредноут.
Мензура: 643мм.
20 ладов.
Верхняя дека: массив ситхинской ели.
Задняя дека и обечайка: красное дерево.
Гриф: красное дерево.
Накладка грифа и бридж: палисандр.
Крепление грифа: ласточкин хвост.
Ширина грифа у верхнего порожка: 43мм.
Струны: D'Addario EXP16.
Розетка с натуральным перламутром, порожки из кости, УФ-покрытие.
Цвет: натуральный, матовый.",https://muzlider.ru/catalog/gitary/akusticheskie_gitary/12733/,21850,FALSE,FALSE
Акустическая Гитара Sigma OMM-ST,Акустическая гитара,Sigma,"Верхняя дека: цельная ель
Нижняя дека и обечайка: махагон
Гриф: махагон
Накладка грифа: индийский палисандр
Мензура: 645 мм
Верхний порожек: кость
Бридж: кость
Ширина порожка: 44,5 мм
Колки: литые, хром",https://muzlider.ru/catalog/gitary/akusticheskie_gitary/13281/,39990,TRUE,FALSE
L710F-NS Luce Series Электро-акустическая гитара Cort,Электроакустическая гитара,Cort,"Оркестровый корпус с вырезом.
Компактный оркестровый корпус OM идеально подходит для музыкантов с хрупким телосложением или тех, кто ищет комфорт при игре. Яркий и сильный акцент на высоких и средних частотах больше подходит для игры пальцами, чем для аккордов, которые часто требует более низких частот. Венецианский вырез на этой модели обеспечивает легкий доступ к высоким ладам.

Верхняя дека из массива ситхинской ели.
Древесина ели обладает идеальным балансом прочности и гибкости, что делает ее лучшим выбором для верхней деки акустической гитары. Универсальный звуковой характер ели отлично подходит для множества музыкальных жанров и стилей игры.

Задняя дека и обечайка из красного дерева.
Яркое, мощное с теплыми средними частотами, красное дерево на протяжении десятилетий является лучшим выбором для задней деки и обечайки акустических гитар премиум класса.

Сложная перламутровая розетка.
Центральная розетка из натурального перламутра удачно сочетается с пластиком АБС, создавая классический, и в то же время изысканный внешний вид.

Порожки из кости.
Верхний и нижний порожки изготовлены из кости для наиболее естественной и прозрачной передачи энергии вибрации струн корпусу и грифу.

Предусилитель Fishman Presys.
3-полосный эквалайзер, светодиодный тюнер и управление фазой обеспечивают звуковую гибкость, а также удобство для различных игровых ситуаций, где требуется усиление.

Форма корпуса: оркестровая OM, с венецианским вырезом.
Мензура: 643мм.
Верхняя дека: массив ситхинской ели.
Задняя дека и обечайка: красное дерево.
Гриф: красное дерево.
Накладка грифа и бридж: ованкол.
Крепление грифа: ласточкин хвост.
20 ладов.
Порожки: кость.
Ширина верхнего порожка: 45мм.
Метки ладов: белые точки.
Колковая механика: литая, с черными ручками.
Розетка с перламутром.
Окантовка цвета слоновой кости.
Звукосниматели: Fishman Sonicore.
Электроника: Fishman Presys.
Струны: D'Addario EXP16.
Ультрафиолетовое покрытие.
Цвет: натуральный",https://muzlider.ru/catalog/gitary/akusticheskie_gitary/46972/,29850,TRUE,FALSE
Электро-акустическая гитара Cort AF510E-BKS Standard Series,Электроакустическая гитара,Cort,"Форма корпуса: фолк.
Верхняя дека: ель.
Задняя дека и обечайка: красное дерево.
20 ладов.
Гриф: красное дерево.
Накладка грифа и бридж: палисандр.
Крепление грифа: ласточкин хвост.
Ширина грифа у верхнего порожка: 43 мм.
Черная окантовка.
Струны с покрытием.
Электроника: Cort CE304T EQ.
Звукосниматель: керамический.
Система пружин: улучшенная X-образная.
Цвет: черный.",https://muzlider.ru/catalog/gitary/akusticheskie_gitary/12715/,15190,TRUE,FALSE
Акустическая гитара Cort EARTH70-BR Earth Series,Акустическая гитара,Cort,"В знак уважения к великим винтажным акустическим гитарам, серия Earth воспроизводит их внешний вид, звучание, ощущения и играбельность в бескомпромиссном качестве и с отличной стоимостью. Гитары серии Earth замечательно подходят как для игры аккордами, так и перебором и изготовлены из проверенных временем классических материалов, таких как ель, красное дерево и палисандр. 

Верхняя дека из массива ели.
Древесина ели обладает идеальным балансом прочности и гибкости, что делает ее лучшим выбором для верхней деки акустической гитары. Универсальный звуковой характер ели отлично подходит для множества музыкальных жанров и стилей игры. 

Задняя дека и обечайка из красного дерева.
Яркое, мощное с теплыми средними частотами, красное дерево на протяжении десятилетий является лучшим выбором для задней деки и обечайки акустических гитар премиум класса. 

Винтажная розетка.
Винтажная черно-белая розетка, которая выдержала испытание временем. Классический внешний вид, который никогда не выйдет из моды. 

Отделка с открытыми порами.
Отделка с открытыми порами не только увеличивает резонанс древесины, но и уменьшает вес инструмента, улучшая его играбельность. 

Бридж с пазом.
Эксклюзивная форма бриджа с пазом позволяет увеличить угол струны на нижнем порожке. Это снижает натяжение струн вдоль грифа, уменьшая усталость пальцев и увеличивает длительность сустейна. 

Форма корпуса: дредноут.
Мензура: 643мм.
20 ладов.
Верхняя дека: массив ели.
Задняя дека и обечайка: красное дерево.
Гриф: красное дерево.
Накладка грифа и бридж: палисандр или ованкол.
Крепление грифа: ласточкин хвост.
Ширина грифа у верхнего порожка: 43мм.
Система пружин: улучшенная X-образная.
Струны: D'Addario EXP16.
Цвет: коричневый.",https://muzlider.ru/catalog/gitary/akusticheskie_gitary/12743/,21650,TRUE,FALSE
Акустическая гитара Yamaha FG800 SB,Акустическая гитара,Yamaha,"Форма корпуса Традиционный Вестерн
 Мензура 650mm (25 9/16”)
 Длина корпуса 505mm (19 7/8"")
 Общая длина 1038mm (40 7/8"")
 Ширина корпуса 412mm (16 1/4"")
 Глубина корпуса 100-118mm (3 15/16”- 4 5/8”)
 Ширина порожка 43mm (1 11/16”)
 Расстояние между струнами 11.0mm
 Верхняя дека Массив ели
 Нижняя дека Нато/Окоуме
 Обечайка Нато/Окоуме
 Гриф Нато
 Накладка грифа Палисандр
 Радиус R400mm (23 5/8"")
 Бридж Палисандр
 Верхний порожек Уреа
 Нижний порожек Уреа
 Колки Литые, хром
 Отделка корпуса Глянец
 Отделка грифа Матовый
 Цвет Sand burst",https://muzlider.ru/catalog/gitary/akusticheskie_gitary/12488/,32990,TRUE,FALSE
Акустическая гитара Cort EARTH100-NAT Earth Series,Акустическая гитара,Cort,"В знак уважения к великим винтажным акустическим гитарам, серия Earth воспроизводит их внешний вид, звучание, ощущения и играбельность в бескомпромиссном качестве и с отличной стоимостью. Гитары серии Earth замечательно подходят как для игры аккордами, так и перебором и изготовлены из проверенных временем классических материалов, таких как ель, красное дерево и палисандр. 

Верхняя дека из массива ситхинской ели.
Древесина ели обладает идеальным балансом прочности и гибкости, что делает ее лучшим выбором для верхней деки акустической гитары. Универсальный звуковой характер ели отлично подходит для множества музыкальных жанров и стилей игры. 

Задняя дека и обечайка из красного дерева.
Яркое, мощное с теплыми средними частотами, красное дерево на протяжении десятилетий является лучшим выбором для задней деки и обечайки акустических гитар премиум класса. 

Сложная перламутровая розетка.
Центральная розетка из натурального перламутра удачно сочетается с пластиком АБС, создавая классический, и в то же время изысканный внешний вид. 

Бридж с пазом.
Эксклюзивная форма бриджа с пазом позволяет увеличить угол струны на нижнем порожке. Это снижает натяжение струн вдоль грифа, уменьшая усталость пальцев и увеличивает длительность сустейна. 

Ультрафиолетовое покрытие.
Высокотехнологичное покрытие получаемое с помощью ультрафиолетового излучения отличается высокой прочностью и устойчивостью к царапинам. Тонкое и почти невесомое, оно улучшает естественный акустический резонанс инструмента для его насыщенного и полного звучания. 

Форма корпуса: дредноут.
Мензура: 643мм.
20 ладов.
Верхняя дека: массив ситхинской ели.
Задняя дека и обечайка: красное дерево.
Гриф: красное дерево.
Накладка грифа и бридж: палисандр.
Крепление грифа: ласточкин хвост.
Ширина грифа у верхнего порожка: 43мм.
Струны: D'Addario EXP16.
Розетка с натуральным перламутром, порожки из кости, УФ-покрытие.
Цвет: натуральный, глянцевый. ",https://muzlider.ru/catalog/gitary/akusticheskie_gitary/12732/,23400,TRUE,FALSE
Акустическая гитара Cort EARTH200F-ATV-SG Earth Series,Акустическая гитара,Cort,"Форма корпуса: дредноут.
Крепление грифа: ласточкин хвост.
Верхняя дека: массив ситхинской ели, подсушенная.
Задняя дека и обечайка: палисандр.
Гриф: красное дерево.
Накладка грифа и бридж: черное дерево.
20 ладов.
Ширина грифа у верхнего порожка: 43 мм.
Мензура: 643 мм.
Колковая механика: Grover Vintage.
Розетка: многослойная, цвет слоновой кости.
Окантовка: белая.
Электроника: Fishman Sonitone.
Струны: D'Addario EXP 16.
Система пружин: X-образная.
Цвет: натуральный.
Отделка: полугянцевая.

Электроника и звукосниматель Fishman — последний штрих, делающай эту гитару почти идеальной. Подсушенная верхняя дека из массива ситхинской ели, задняя дека и обечайка из палисандра, накладка грифа и бридж из черного дерева, а теперь и всемирно известная электроника Fishman — все компоненты тщательно подобраны для получения выдающегося звучания по очень разумной цене.

Верхняя дека из массива ситхинской ели.
Древесина ели обладает идеальным балансом прочности и гибкости, что делает ее лучшим выбором для верхней деки акустической гитары. Универсальный звуковой характер ели отлично подходит для множества музыкальных жанров и стилей игры.

Состаренная верхняя дека.
Винтажные инструменты — настоящий священный грааль акустического гитарного мира. Со временем, древесина верхней деки созревает и раскрывается, что позволяет проявиться тем тональным качествам которых нет у новых инструментов. Так было до сегодняшнего момента. Использование специального процесса Aged To Vintage (Состаривания до винтажности) на верхних деках из массива ситхинской ели, придает им мощное и открытое звучание гитар которым уже несколько десятков лет. Уникальный процесс подсушивания, который позволяет получить винтажное звучание прямо из коробки.

Задняя дека и обечайка из палисандра.
Богатое и глубокое, теплое, но пробивное, с идеальным количеством нежного присутствия, звучание древесины палисандра с его объемным басом и достаточной мощью и громкостью, отлично подходит для любого музыкального стиля.

Электроника Fishman Sonitone.
Устанавливаемая внутрь резонаторного отверстия, не нарушающая целостность корпуса, электроника Fishman Sonitone полностью сохраняет естественный резонанс и чистое акустическое звучание инструмента. Элементы управления просты в использовании, производится регулировка только громкости и тембра.

Колковая механика Grover Vintage.
Винтажный стиль и стабильность настройки, эти колки делают внешний вид гитары еще более классическим.

Струнодержатель и фиксаторы струн из черного дерева.
Высокая плотность черного дерева сохраняет основной акустический звук сфокусированным и плотным с большей звуковой проекцией, чем у пластика, усиливая передачу колебаний струны по всей поверхности деки к корпусу и грифу.

Накладка грифа из черного дерева.
Есть много видов древесины, которые используются для накладки грифа, но ничто не сравнится с темно-черной красотой и гладкостью черного дерева.

Полуглянцевая отделка.
Полуглянцевое покрытие EARTH200F демонстрирует лучшие качества как глянцевой, так и матовой отделки, обеспечивая роскошный вид и гладкость на ощупь",https://muzlider.ru/catalog/gitary/akusticheskie_gitary/12739/,36850,TRUE,FALSE
Электро-акустическая гитара Cort EARTH100SSF-SB Earth Series,Электроакустическая гитара,Cort,"Эта популярная модель является настоящим символом дредноут гитары с округлыми «плечами». С ее мензурой 628мм, сбалансированной экспрессией, теплым басом и превосходной звучностью и округлым корпусом, эта модель является одной из наиболее технически совершенных гитар своего времени.

Дредноут с округлыми «плечами».
Классическая форма корпуса дредноут с покатыми «плечами» помогает создавать сильное звучание с мощным басом, живой серединой и чистыми верхними частотами. Эта гитара придется по вкусу музыкантам, играющим пальцами и любителям традиционных гитарных форм и звучаний. Покатые плечи придают гитаре винтажности.

Верхняя дека из массива ситхинской ели.
Древесина ели обладает идеальным балансом прочности и гибкости, что делает ее лучшим выбором для верхней деки акустической гитары. Универсальный звуковой характер ели отлично подходит для множества музыкальных жанров и стилей игры.

Задняя дека и обечайка из красного дерева.
Яркое, мощное с теплыми средними частотами, красное дерево на протяжении десятилетий является лучшим выбором для задней деки и обечайки акустических гитар премиум класса.

Мензура 628мм.
Если у вас маленькие пальцы или вы только начинаете играть, то инструмент с уменьшенной мензурой может быть для вас значительно более удобным.

Порожки из кости.
Верхний и нижний порожки изготовлены из кости азиатского буйвола для наиболее естественной и прозрачной передачи энергии вибрации струн корпусу и грифу.

Электроника Fishman Sonitone EQ.
Устанавливаемая внутрь резонаторного отверстия, не нарушающая целостность корпуса, электроника Fishman Sonitone EQ полностью сохраняет естественный резонанс и чистое акустическое звучание инструмента. Элементы управления просты в использовании, производится регулировка только громкости и тембра.

Винтажная колковая механика.
Винтажный стиль и стабильность настройки дополняют общий классический вид этой модели.

 Форма корпуса: дредноут, покатые «плечи».
 Мензура: 628мм.
 Верхняя дека: массив ситхинской ели.
 Задняя дека и обечайка: красное дерево.
 Гриф: красное дерево.
 Накладка грифа и бридж: ованкол.
 Крепление грифа: ласточкин хвост.
 20 ладов.
 Ширина верхнего порожка: 43мм.
 Колковая механика: открытая, ручки под слоновую кость.
 Розетка АБС, окантовка цвета слоновой кости.
 Электроника: Fishman Sonitone EQ.
 Струны: D'Addario EXP16.
 Цвет: санберст.",https://muzlider.ru/catalog/gitary/akusticheskie_gitary/10912/,31560,TRUE,FALSE
GF-NAT-20G Акустическая гитара Presto,Акустическая гитара,Presto,"GF-NAT-20G Акустическая гитара, цвет натуральный, глянцевая, Presto

Верхняя дека: берёза.
Задняя дека и обечайка: берёза.
Ширина грифа у верхнего порожка: 52 мм.
Отделка: глянцевая.
Цвет: натуральный.",https://muzlider.ru/catalog/gitary/akusticheskie_gitary/46968/,9410,TRUE,FALSE
"AF510E-OP Электро-акустическая гитара, Cort",Электроакустическая гитара,Cort,"Standard Series – самая старая серия акустических гитар Cort, определяется превосходным качеством и доступной ценой. Гитары линейки Standard доступны для начинающих и любителей, но предлагают отличные характеристики, а разнообразие моделей позволяет выбрать инструмент для любой ситуации.

Концертная форма корпуса.
По сравнению с дредноутом, у концертного корпуса более сфокусированное и сбалансированное звучание, с менее акцентированным басом, сильными средними частотами и более чистыми и яркими верхами. Такое сбалансированное звучание корпуса концертной гитары делает ее идеальным инструментом для игры перебором, а также для соло.

Верхняя дека из ели.
Ель обладает идеальным балансом между прочностью и гибкостью. Этим объясняется чрезвычайная популярность применения этой древесины в качестве материала для верхней деки акустических гитар. Имея столь универсальный характер звучания, ель отлично подходит для различных музыкальных жанров и стилей игры.

Нижняя дека и обечайка из красного дерева.
Яркое, но естественное, с сильной и теплой серединой, красное дерево остается стандартом для задней деки и обечайки акустических гитар в течении многих десятилетий.

Струны с покрытием.
Высококачественное покрытие струн противостоит влажности, грязи и поту, увеличивает срок службы и улучшает играбельность струн.

Бридж с пазом.
Эксклюзивная форма бриджа с пазом позволяет увеличить угол струны на нижнем порожке. Это снижает натяжение струн вдоль грифа, уменьшая усталость пальцев и увеличивает длительность сустейна.

Электроника Cort CE304T EQ.
Трех-полосный эквалайзер обеспечивает тональную гибкость, а встроенный тюнер добавляет удобства. Высококачественная систем эквалайзера обеспечивает богатую середину и четкие и прозрачные верха.

Форма корпуса: фолк.
20 ладов.
Верхняя дека: ель.
Задняя дека и обечайка: красное дерево.
Гриф: красное дерево.
Накладка грифа и бридж: палисандр.
Крепление грифа: ласточкин хвост.
Ширина грифа у верхнего порожка: 43мм.
Черная окантовка.
Струны с покрытием.
Электроника: Cort CE304T EQ.
Звукосниматель: керамический.
Система пружин: улучшенная X-образная.
Цвет: натуральный.
Отделка: открытые поры",https://muzlider.ru/catalog/gitary/akusticheskie_gitary/37192/,14560,TRUE,FALSE
Электро-акустическая гитара 12-струнная Cort GA-MEDX-12-OP Grand Regal Series,Электроакустическая гитара,Cort,"Гитары GA-MEDX расширяют популярную линейку Grand Regal с корпусами гранд аудиториум. Инструменты более доступной ценовой категории с верхней декой из ели, задней декой и обечайкой из красного дерева и полнофункциональным предусилителем CE306T. Идеальная гитара для тех, кто ищет качественную, но без изысков электро-акустическую рабочую лошадку.

Корпус Grand Auditorium с вырезом.
Размеры корпуса Grand Regal (глубина 117мм, ширина 292мм в верхней части и 405мм в нижней) находятся как раз между большими дредноутами и более камерными концертными гитарами. Это делает инструменты серии Grand Regal идеально подходящими как для игры аккордами, так и для перебора, идеальным выбором для универсальных музыкантов, которым нужен один инструмент для игры в различных стилях.

Верхняя дека из ели.
Ель обладает идеальным балансом между прочностью и гибкостью. Этим объясняется чрезвычайная популярность применения этой древесины в качестве материала для верхней деки акустических гитар. Имея столь универсальный характер звучания, ель отлично подходит для различных музыкальных жанров и стилей игры.

Нижняя дека и обечайка из красного дерева.
Яркое, но естественное, с сильной и теплой серединой, красное дерево остается стандартом для задней деки и обечайки акустических гитар в течении многих десятилетий.

Предусилитель CE306T.
CE306T - очень универсальный акустический предусилитель с большим и четким жидкокристаллическим дисплеем, который очень легко читается. Благодаря 4-полосному эквалайзеру электроника предлагает большой диапазон звучания, что особенно важно для музыкантов, играющих в разных музыкальных стилях.

Бридж с пазом.
Эксклюзивная форма бриджа с пазом позволяет увеличить угол струны на нижнем порожке. Это снижает натяжение струн вдоль грифа, уменьшая усталость пальцев и увеличивает длительность сустейна.

Форма корпуса: гранд аудиториум, с вырезом.
Мензура: 648мм.
Ширина грифа у верхнего порожка: 45мм.
Верхняя дека: ель.
Задняя дека и обечайка: красное дерево.
Гриф: красное дерево.
20 ладов.
Накладка грифа и бридж: мербау.
Крепление грифа: ласточкин хвост.
Окантовка: многослойная.
Литая колковая механика, перламутровая розетка.
Электроника: Cort CE306T.
Цвет: натуральный.",https://muzlider.ru/catalog/gitary/akusticheskie_gitary/12753/,18150,TRUE,FALSE
Гитара акустическая COWBOY 3810C SB,Акустическая гитара,COWBOY,"Тип гитары: акустическая
Материал струн: металлические
Размер гитары: 7/8
Длина гитары: 38 дюймов (97 см)
Ширина верхнего порожка: 43 мм
Цвет гитары: санберст
Покрытие гитары: глянцевый лак
Количество струн: 6
Материал верхней деки: липа
Материал нижней деки: липа
Форма корпуса: уменьшенный аудиториум с вырезом
Страна изготовления: Китай",https://muzlider.ru/catalog/gitary/akusticheskie_gitary/30622/,3550,TRUE,FALSE
Акустическая гитара Sevillia IW-240M NA,Акустическая гитара,Sevillia,"Количество струн 6
 Верхняя дека Ель
 Нижняя дека и обечайка Меранти
 Гриф Меранти
 Накладка грифа Палисандр
 Мензура 650 мм
 Бридж Палисандр
 Цвет гитары Натуральный (NA)
 Страна-производитель Индонезия",https://muzlider.ru/catalog/gitary/akusticheskie_gitary/18827/,9550,TRUE,FALSE
Crafter HT-100CE/OP.N - электроакустическая гитара,Электроакустическая гитара,Crafter,"CRAFTER HT-100CE - электроакустическая гитара, которая подойдет начинающим музыкантам и обучающимся игре на инструменте. Гитара имеет форму корпуса «Grand Auditorium», одну из самых популярных форм среди акустических гитар. Эти корпуса характеризуются несколько меньшим размером, чем дредноут, однако многие гитаристы считают их более удобными и сбалансированными по частотам, хотя и не таким громкими.

При своей демократичной стоимости этот инструмент существенно превосходит по качеству аналоги в своей ценовой категории. Гитара легко настраивается и надежно держит строй, элегантно выглядит и хорошо звучит.

Корпус модели HT-100 выполнен из красного дерева. Верхняя дека – из ели Энгельмана. Гриф также выполнен из красного дерева, накладка - технодерево, лады – без инкрустации.

Модель представлена в элегантном натуральном цвете с матовой отделкой, фурнитура - хромированная.

Отделка Open Pore - это так называемая, лёгкая полировка, благодаря чему производитель снижает затраты на производство. При этом сохраняя чистоту и качество звучания инструмента.

Технические характеристики:
Форма корпуса: Гранд Аудиториум
Верхняя дека: ель Энгельмана
Корпус: красное дерево
Гриф: красное дерево
Накладка на гриф: технодерево
Мензура: 647,7 мм
Фурнитура: хром
Цвет: натруальный
Отделка: матовая
Электроника: CR-T NV
Страна-изготовитель: Китай",https://muzlider.ru/catalog/aktsiya/22561/,25577,TRUE,TRUE
Акустическая гитара Sevillia IW-240M NS,Акустическая гитара,Sevillia,"Количество струн 6
 Верхняя дека Меранти
 Нижняя дека и обечайка Меранти
 Гриф Меранти
 Накладка грифа Палисандр
 Мензура 650 мм
 Бридж Палисандр
 Цвет гитары Натуральный (NS)
 Страна-производитель Индонезия",https://muzlider.ru/catalog/gitary/akusticheskie_gitary/18824/,9550,TRUE,FALSE
Klever KA-714 Гитара акустическая,Акустическая гитара,Klever,"Гитары формы GRAND AUDITORIUM – это универсальное решение для любого музыканта. Ключевые слова для данного корпуса - это баланс и универсальность. Баланс заключается в высокой чистоте звука с достаточным количеством высоких и низких частот. Универсальность же заключается в том, что инструменты данной формы идеально подойдут как для игры аккордами и медиатором, так и для игры фингерстайлом.

Акация максимально близка к красному дереву. Сильный верхастый звук с яркой серединой, в тоже время теплый. Универсальное решение для любого музыканта

Количество струн 6
Форма корпуса Аудиториум
Верхняя дека Цельная акация
Нижняя дека и обечайка Акация
Гриф Махагон
Накладка грифа Палисандр
Порожек ABC
Лады 20
Бридж Махагон
Цвет фурнитуры Золотой
Цвет гитары  Натуральный
Дополнительно Тип покрытия:
Глянцевый лак
Окантовка на задней деке; обечайке и грифе; Инкрустация на грифе в форме розы
Анкер: Есть
Страна-производитель Китай",https://muzlider.ru/catalog/aktsiya/30686/,20925,TRUE,TRUE
Sevillia IW-240M SB Гитара акустическая,Акустическая гитара,Sevillia,"Гитара сочетает в себе красивый дизайн, высокое качество материалов и отличное звучание. Благодаря своей конструкции и использованию качественных компонентов, она подойдет как для начинающих музыкантов, так и для опытных исполнителей. Sevillia IW-240M - отличный выбор для тех, кто ценит комфорт игры и качество звучания.

Модель IW-240M
Количество струн 6
Форма корпуса Дредноут (41"")
Верхняя дека Ель
Нижняя дека и обечайка Меранти
Анкер есть
Гриф Меранти
Накладка грифа Палисандр
Мензура 650 мм
Бридж Палисандр
Струны Металл
Цвет гитары Санбёрст (SB)
Страна-производитель Индонезия",https://muzlider.ru/catalog/gitary/akusticheskie_gitary/46801/,9550,TRUE,FALSE
Акустическая гитара Sevillia IW-235 NA,Акустическая гитара,Sevillia,"Количество струн 6
 Верхняя дека ель
 Нижняя дека и обечайка меранти
 Гриф дерево Нато
 Накладка грифа палисандр
 Мензура 650 мм
 Бридж палисандр
 Цвет гитары натуральный (NA)
 Страна-производитель Индонезия",https://muzlider.ru/catalog/gitary/akusticheskie_gitary/18825/,8290,TRUE,FALSE
Акустическая гитара Crafter D-8 NС,Акустическая гитара,Crafter,"Гитара CRAFTER D 8/NC – инструмент, который отлично подойдет для любых целей: занятий, концертов, записи или просто песен в дружеской компании. Форма корпуса «дредноут» – это, пожалуй, самая популярная форма акустических гитар. Разработанный компанией Martin в 20-х годах прошлого столетия, «дредноут» до сих пор считается стандартом для вестерн-гитар, который с успехом используется большинством производителей и огромным числом музыкантов, играющих в самых различных стилях. Эти корпуса имеют несколько больший размер, чем классические или оркестровые гитары, а звучание имеет явный акцент на низкие частоты.

Верхняя дека гитары CRAFTER D 8/NC выполнена из массива ели Энгельмана, которая в производстве музыкальных инструментов ценится выше, чем обычная ель. Гитары с толстой верхней декой из такой ели обладают большей чувствительностью, отзывчивостью, их звучание прекрасно сбалансировано по всем частотам. У ели Энгельмана древесина более темная, желтовато-коричневого цвета. Дерево имеет меньшую жесткость и плотность по сравнению с обычной или ситхинской елью, за счет чего инструмент более восприимчив ко всем нюансам звукоизвлечения. Натуральный цвет гитары с прозрачным глянцевым лаком хорошо передает естественную красоту благородного дерева, гармонично сочетаясь с любой окружающей обстановкой.

Сочетание массива ели Энгельмана и красного дерева обеспечивает точное и универсальное звучание с выделением каждой ноты, что полностью отвечает требованиям многих музыкантов.

Эту гитару вы можете купить в наших розничных магазинах или смело заказать в интернет магазине – все гитары проходят предпродажный осмотр, что гарантирует получение качественного инструмента. В комплекте с гитарой прилагается фирменный утепленный чехол, который надежно защищает её с момента выхода с фабрики.

Характеристики:

Форма корпуса – Dreadnought
Верхняя дека – массив ели Энгельмана
Нижняя дека и обечайка – красное дерево
Гриф – красное дерево
Накладка на гриф – палисандр
Количество ладов – 20
Мензура – 647,7 мм
Ширина грифа – 43 мм
Подставка – индийский палисандр
M-образная схема крепления пружин
Хромированные колки
Абалоновые маркеры ладов
Глянцевая отделка
Струны – D'Addario EXP-16 (.012 - .053)
Цвет – натуральный
Фирменный чехол в комплекте
Страна-изготовитель – Китай",https://muzlider.ru/catalog/gitary/akusticheskie_gitary/13200/,46690,FALSE,FALSE
Гитара акустическая COWBOY 3810C N,Акустическая гитара,COWBOY,"Верхняя дека: липа
Нижняя дека и обечайка: липа
Накладка грифа: пластик.
Подставка: пластик.
Колковая механика: открытая.
Анкерный стержень.
Отделка: глянцевый лак.
Цвет: натуральный.
Страна: Китай",https://muzlider.ru/catalog/gitary/akusticheskie_gitary/30621/,3550,TRUE,FALSE
Акустическая гитара Cort AF510-BKS Standard Series,Акустическая гитара,Cort,"Тип: акустическая гитара, дредноут 
 корпус: концертный 
 Верхняя дека: ель 
 Нижняя дека и обечайка: махагон 
 Гриф: махагон (""С""-форма) 
 Накладка: палисандр 
 Бридж: палисандр 
 Колки: литые, никель 
 Мензура: 647,7 мм(25.5"") 
 Струны: 80/20 Bronze Light 
 Крепления: традиционные крестообразные 
 Цвет: черный сатин",https://muzlider.ru/catalog/gitary/akusticheskie_gitary/10237/,10990,TRUE,FALSE
"JMFSD25 Акустическая гитара Kopo Series SD25, дредноут, Prodipe",Акустическая гитара,Prodipe,"Часто бывает сложно выбрать первую гитару...
Поскольку выбора древесины недостаточно, мастера Prodipe Guitars работали над достижением экстраординарного уровня для студенческих акустических гитар: идеальное положение грифа, облегченные пружины и усиленная задняя дека, чтобы получить гитару с характером, мощную и хорошо сбалансированную.
Ингредиенты, которые делают модель SD25 одной из лучших на рынке по соотношению цены и качества!

Лучшие сочетания древесины и безупречная конструкция.
Верхняя дека из ели, древесины, известного своими акустическими качествами.
Задняя дека и обечайка из индонезийского красного дерева, известного своим чистым звуком с глубокими, четко выраженными басовыми нотами.
Струны: Savarez Acoustic Bronze Light (Ref: A130L).

Форма корпуса: дредноут.
Верхняя дека: ель.
Задняя дека и обечайка: индонезийское красное дерево.
Гриф: красное дерево.
Порожки: пластик АБС.
Накладка грифа: композит палисандра.
Отделка: матовый лак.
Колковая механика: литая, никелированная.
Струны: Savarez Acoustic Bronze Light",https://muzlider.ru/catalog/aktsiya/37199/,15040,TRUE,TRUE
"F400-NS Гитара акустическая, цвет натуральный, Yamaha",Акустическая гитара,Yamaha,"Дизайн.
Простые линии и сдержанная эстетика классического дизайна акустической гитары, доступные в трех различных корпусах, подходящих под ваш стиль игры. Легкие, но прочные, эти гитары предлагают качество, производительность и звук, которыми славятся инструменты Yamaha.

Каждая модель серии F400, доступная в натуральном или черном матовом исполнении, выглядит так же хорошо в вашей гостиной, как и в ваших руках. Хорошо сбалансированное ощущение и плавные контуры гарантируют игровой опыт, который обязательно впечатлит и вдохновит вас играть часами напролет.

Звук и играбельность.
Гитары серии F400 отличаются компактными, легкими корпусами, укороченными струнами и быстрым откликом, что делает их легкими для игры для любого человека. Сочетая в себе безошибочный тон Yamaha и мастерство, эти гитары обеспечивают насыщенный резонирующий звук с продолжительным сустейном.

Модель F400.
Корпус в традиционном западном стиле обеспечивает насыщенный, богатый звук, идеально подходящий для игры медиатором и боем.

F400 предлагает тот же акцент на качестве и звуке, что и все акустические гитары Yamaha, и отличается современным и простым дизайном. Традиционный корпус вестерн обеспечивает богатый и насыщенный звук.

Традиционный корпус вестерн.
Современная матовая отделка и простой дизайн без защитной накладки и окантовки корпуса, что позволяет почувствовать текстуру дерева.
Сверхтонкое полиуретановое покрытие и тщательно продуманные пружины для максимального резонанса.
Длина мензуры 634 мм и более узкое расстояние между струнами для большего комфорта.
Высокая прочность и стабильность, подтвержденные стандартом качества Yamaha.

Форма корпуса: вестерн.
Мензура: 634 мм.
Длина корпуса: 505 мм.
Общая длина: 1029 мм.
Ширина корпуса: 412 мм.
Толщина корпуса: 96-116 мм.
Ширина верхнего порожка: 43 мм.
Расстояние между струнами: 10 мм.
Верхняя дека: ель.
Задняя дека и обечайка: акустическая древесина местного происхождения.
Гриф: акустическая древесина местного происхождения.
Накладка грифа: палисандр.
Радиус накладки грифа: 400 мм.
Бридж: палисандр.
Порожки: карбамид.
Фиксаторы струн: пластик АБС, черные.
Колковая механика: TM-14P, хромированная.
Розетка: коричневая.
Толщины струн: .012/.016/.024/.032/.042/.053.
Цвет: натуральный.
Отделка: матовая.",https://muzlider.ru/catalog/gitary/akusticheskie_gitary/48807/,17450,TRUE,FALSE
LAG T70D-NAT Акустическая гитара,Акустическая гитара,LAG,"LAG GLA T70D NAT выделяется на фоне гитар начального уровня своим звучанием. Это достигается за счет верхней деки из массива ели, которая отличается звонким и громким звучанием. Качество звука в сочетании с удобством игры на инструменте является идеальным вариантом для начинающего музыканта.  

Все гитары LAG имеют стильный фирменный дизайн. Как знак соединения с Францией и ее историей, гитары LAG носят окситанский крест, вплетенный в розетку.

Корпус:

Тип: Dreadnought
Верхняя дека: массив ели Энгельмана
Нижняя дека и обечайки: свитения (порода красного дерева)
Отделка: сатин
Бридж: браунвуд
Порожек бриджа: компенсирующий черный графитовый, 72 мм
Гриф:

Гриф: окоуме с открытыми порами
Отделка: сатин
Анкер: 2-стронний
Накладка: свитения (порода красного дерева)
Лады: 20 (серебро/никель)
Мензура: 650 мм
Голова грифа: браунвуд + кленовая вставка с лого
Фурнитура:
Артикул 00000016423
Колки: литые/1:15/сатиновые черные
Порожек: черный графитовый/43мм (акустика), 46 мм (нейлон)
Электроакустические гитары: система Direct Lag",https://muzlider.ru/catalog/aktsiya/37195/,25695,TRUE,TRUE
"JMFSA25 Акустическая гитара EA SA25, аудиториум, Prodipe",Акустическая гитара,Prodipe,"Баланс, мощность, точность и комфорт!
Хотя Prodipe выбирают породы дерева, которые являются более доступными с точки зрения соотношения цены и качества, звук их гитар достоин инструментов, сделанных из самых благородных материалов и продаваемых по гораздо более высокой цене.

Акустическая гитара в корпусе аудиториум с идеальным положением грифа, облегченными пружинами и усиленной задней декой. Хорошо сбалансированный инструмента с характером и мощью.

Лучшие сочетания древесины и безупречная конструкция.
Верхняя дека из ели, древесины, известного своими акустическими качествами.
Задняя дека и обечайка из индонезийского красного дерева, известного своим чистым звуком с глубокими, четко выраженными басовыми нотами.
Струны: Savarez Acoustic Bronze Light (Ref: A130L).

Форма корпуса: аудиториум.
Верхняя дека: ель.
Задняя дека и обечайка: индонезийское красное дерево.
Гриф: красное дерево.
Порожки: пластик АБС.
Накладка грифа: композит палисандра.
Отделка: матовый лак.
Колковая механика: литая, никелированная.
Струны: Savarez Acoustic Bronze Light",https://muzlider.ru/catalog/aktsiya/37200/,15040,TRUE,TRUE
Электро-акустическая гитара Cort AD810E-BKS Standard Series,Электроакустическая гитара,Cort,"Электроакустическая гитара
Форма корпуса: Дредноут (Dreadnought)
Материал верхней деки: Ель
Нижняя дека и обечайка: Красное дерево (mahogany)
Гриф: Красное дерево (mahogany)
Профиль грифа: C shape
Накладка: Палисандр
Мензура: 647,7 мм
Инкрустация: Белые точки
Колки: Die cast, никелированные
Бридж: Rosewood / Scooped
Электроника: CORT CE304T - Ceramic P/U
Окантовка: Есть
Струны: D'Addario USA 80/20 Bronze Light
Цвет: Чёрный сатин
Комплектация: В коробке",https://muzlider.ru/catalog/gitary/akusticheskie_gitary/10099/,15190,TRUE,FALSE
Earth60-BK Акустическая гитара Cort,Акустическая гитара,Cort,"В знак уважения к великим винтажным акустическим гитарам, серия Earth воспроизводит их внешний вид, звучание, ощущения и играбельность в бескомпромиссном качестве и по отличной цене. Earth60 представляет собой золотой стандарт акустических гитар: верхняя дека из массива ели. Вместе с нижней декой и обечайками из красного дерева эта комбинация древесины обеспечивает проверенный временем, фирменный, яркий, но при этом насыщенный тон, который любят все музыканты, в то время как полноразмерный корпус дредноут обеспечивает полноценный выход и мощную проекцию.

Верхняя дека из массива ситхинской ели.
Ель обеспечивает идеальный баланс между прочностью и гибкостью, поэтому она пользуется огромной популярностью как древесина, которую выбирают для верхних дек акустических гитар. Универсальный звуковой характер ели делает ее идеальной для самых разных музыкальных жанров и стилей игры.

Задняя дека и обечайка из красного дерева.
Яркое, но естественное звучание с сильными и теплыми средними частотами, красное дерево на протяжении многих десятилетий является стандартом для задней деки и обечаек акустических гитар премиум-класса.

Отделка с открытыми порами.
Отделка с открытыми порами не только улучшает резонанс древесины, но и снижает вес гитары, способствуя более комфортной игре.

Струны с покрытием.
Высококачественное покрытие струн противостоит влажности, грязи и поту, увеличивает срок службы и улучшает играбельность струн.

Крепление грифа ласточкин хвост.
Опытные мастера Cort тщательно и надежно крепят гриф к корпусу, используя соединение типа ""ласточкин хвост"". Такое соединение способствует передаче резонансных колебаний корпуса к грифу без потерь энергии, сохраняя при этом мельчайшие детали звучания.

Крепление грифа: ласточкин хвост.
Корпус: дредноут.
Ширина верхнего порожка: 43мм (1 11/16"").
Верхняя дека: массив ели.
Задняя дека и обечайка: красное дерево.
Гриф: красное дерево.
Окантовка: черная.
Накладка грифа: мербау.
Лады: 20.
Мензура: 648мм (25.5"").
Инкрустация накладки грифа: белые точки.
Колковая механика: литая.
Розетка: черная/кремовая.
Бридж: мербау.
Струны: с покрытием.
Система пружин: улучшенная X-образная.
Цвет: черный.",https://muzlider.ru/catalog/gitary/akusticheskie_gitary/47971/,16690,TRUE,FALSE
"JMFSA25 Акустическая гитара EA SA25, аудиториум, Prodipe",Акустическая гитара,Prodipe,"Баланс, мощность, точность и комфорт!
Хотя Prodipe выбирают породы дерева, которые являются более доступными с точки зрения соотношения цены и качества, звук их гитар достоин инструментов, сделанных из самых благородных материалов и продаваемых по гораздо более высокой цене.

Акустическая гитара в корпусе аудиториум с идеальным положением грифа, облегченными пружинами и усиленной задней декой. Хорошо сбалансированный инструмента с характером и мощью.

Лучшие сочетания древесины и безупречная конструкция.
Верхняя дека из ели, древесины, известного своими акустическими качествами.
Задняя дека и обечайка из индонезийского красного дерева, известного своим чистым звуком с глубокими, четко выраженными басовыми нотами.
Струны: Savarez Acoustic Bronze Light (Ref: A130L).

Форма корпуса: аудиториум.
Верхняя дека: ель.
Задняя дека и обечайка: индонезийское красное дерево.
Гриф: красное дерево.
Порожки: пластик АБС.
Накладка грифа: композит палисандра.
Отделка: матовый лак.
Колковая механика: литая, никелированная.
Струны: Savarez Acoustic Bronze Light",https://muzlider.ru/catalog/aktsiya/37200/,15040,TRUE,TRUE
Акустическая гитара Fante FT-221-BK,Акустическая гитара,Fante,"Форма корпуса: дредноут, с вырезом.
 Верхняя дека: липа.
 Задняя дека и обечайка: липа.
 Гриф: катальпа с анкером.
 Накладка грифа и бридж: пластик АБС.
 Струны металлические.
 Колковая механика: открытая.
 Цвет: черный.",https://muzlider.ru/catalog/gitary/akusticheskie_gitary/12334/,3990,TRUE,FALSE
S61 Акустическая гитара Parkwood,Акустическая гитара,Parkwood,"S61 Акустическая гитара, дредноут, с чехлом, Parkwood

Инструменты серии S6) представляют собой сочетание материалов класса люкс, мастерства изготовления мирового уровня и умеренной цены.

Верхняя дека из тщательно отобранной древесины ситхинской ели, обечайки из шпона махагони и задняя дека из массива махагони обеспечивают общую жесткость и прочность корпуса гитары.

Перламутровая розетка и инкрустация накладки грифа добавляют элегантности и изящности внешнему виду инструмента.

Классическое сочетание пород древесины обеспечивает гитаре сильное, открытое, воздушное основное звучание, идеально подходящее для тех, кто ищет качества по привлекательной цене.

Форма корпуса: дредноут.
Крепление грифа: ласточкин хвост.
Форма пружин: Х.
Верхняя дека: массив ситхинской ели.
Задняя дека: массив махагони.
Обечайки: шпон махагони.
Гриф: махагони.
Накладка грифа: индийский палисандр.
Порожки: кость.
Анкерный стержень: двойного действия.
Отделка: глянцевая.
Цвет: натуральный.
Чехол в комплекте.",https://muzlider.ru/catalog/gitary/akusticheskie_gitary/48006/,35810,TRUE,FALSE
Sevillia IW-240M RDS Гитара акустическая,Акустическая гитара,Sevillia,"Гитара сочетает в себе красивый дизайн, высокое качество материалов и отличное звучание. Благодаря своей конструкции и использованию качественных компонентов, она подойдет как для начинающих музыкантов, так и для опытных исполнителей. Sevillia IW-240M - отличный выбор для тех, кто ценит комфорт игры и качество звучания.

Характеристики
Модель IW-240M
Количество струн 6
Форма корпуса Дредноут (41"")
Верхняя дека Ель
Нижняя дека и обечайка Меранти
Анкер есть
Гриф Меранти
Накладка грифа Палисандр
Мензура 650 мм
Бридж Палисандр
Струны Металл
Цвет гитары Красный (RDS)
Страна-производитель Индонезия",https://muzlider.ru/catalog/gitary/akusticheskie_gitary/46800/,9550,TRUE,FALSE
Акустическая гитара Fante FT-221-3TS,Акустическая гитара,Fante,"Форма корпуса: дредноут, с вырезом.
Верхняя дека: липа.
Задняя дека и обечайка: липа.
Гриф: катальпа с анкером.
Накладка грифа и бридж: пластик АБС.
Струны металлические.
Колковая механика: открытая.
Цвет: санберст.",https://muzlider.ru/catalog/gitary/akusticheskie_gitary/16116/,3990,TRUE,FALSE
Sevillia IWC-235 MTBK Гитара акустическая,Акустическая гитара,Sevillia,"Количество струн 6
Верхняя дека Меранти
Нижняя дека и обечайка Меранти
Гриф Меранти
Накладка грифа Палисандр
Мензура 650 мм
Бридж Палисандр
Цвет гитары Чёрный
Страна-производитель Индонезия
Струны Металл",https://muzlider.ru/catalog/gitary/akusticheskie_gitary/22416/,8950,TRUE,FALSE
Акустическая гитара Sevillia IW-235M NS,Акустическая гитара,Sevillia,"Количество струн 6
 Верхняя дека Меранти
 Нижняя дека и обечайка Меранти
 Гриф Дерево Нато
 Накладка грифа Палисандр
 Мензура 650 мм
 Бридж Палисандр
 Цвет гитары Натуральный (NS)
 Страна-производитель Индонезия",https://muzlider.ru/catalog/gitary/akusticheskie_gitary/18826/,8290,TRUE,FALSE
Акустическая гитара Cort AD810-SSB Standard Series,Акустическая гитара,Cort,"AD810-SSB Standard Series Акустическая гитара, санберст, Cort

Standard Series самая старая серия акустических гитар Cort, определяется превосходным качеством и доступной ценой. Гитары линейки Standard доступны для начинающих и любителей, но предлагают отличные характеристики, а разнообразие моделей позволяет выбрать инструмент для любой ситуации.

Верхняя дека из ели.
Ель обладает идеальным балансом между прочностью и гибкостью. Этим объясняется чрезвычайная популярность применения этой древесины в качестве материала для верхней деки акустических гитар. Имея столь универсальный характер звучания, ель отлично подходит для различных музыкальных жанров и стилей игры.

Нижняя дека и обечайка из красного дерева.
Яркое, но естественное, с сильной и теплой серединой, красное дерево остается стандартом для задней деки и обечайки акустических гитар в течении многих десятилетий.

Крепление грифа ласточкин хвост.
Прочное соединение, выполненное опытными мастерами. Ласточкин хвост передает вибрацию и резонанс корпуса гитары грифу без потерь энергии.

Струны с покрытием.
Высококачественное покрытие струн противостоит влажности, грязи и поту, увеличивает срок службы и улучшает играбельность струн.

Бридж с пазом.
Эксклюзивная форма бриджа с пазом позволяет увеличить угол струны на нижнем порожке. Это снижает натяжение струн вдоль грифа, уменьшая усталость пальцев и увеличивает длительность сустейна.

Форма корпуса: дредноут.
Мензура: 643мм.
20 ладов.
Верхняя дека: ель.
Задняя дека и обечайка: красное дерево.
Гриф: красное дерево.
Накладка грифа и бридж: палисандр.
Крепление грифа: ласточкин хвост.
Колковая механика: литая.
Ширина грифа у верхнего порожка: 43мм.
Система пружин: улучшенная X-образная.
Цвет: санберст.",https://muzlider.ru/catalog/gitary/akusticheskie_gitary/12207/,10990,TRUE,FALSE
Акустическая гитара Cort AF510M-OP Standard Series,Акустическая гитара,Cort,"Концертная форма корпуса.
По сравнению с дредноутом, у концертного корпуса более сфокусированное и сбалансированное звучание, с менее акцентированным басом, сильными средними частотами и более чистыми и яркими верхами. Такое сбалансированное звучание корпуса концертной гитары делает ее идеальным инструментом для игры перебором, а также для соло.

Полностью из красного дерева.
Разработанная в соответствии с последними тенденциями рынка акустических гитар, у этой модели из красного дерева выполнены не только нижняя дека и обечайка, но также и верхняя дека. Несмотря на более темное звучание, по сравнению с елью, красное дерево производит более теплый тон с полноценным средним диапазоном.

Крепление грифа ласточкин хвост.
Прочное соединение, выполненное опытными мастерами. Ласточкин хвост передает вибрацию и резонанс корпуса гитары грифу без потерь энергии.

Струны с покрытием.
Высококачественное покрытие струн противостоит влажности, грязи и поту, увеличивает срок службы и улучшает играбельность струн.

Бридж с пазом.
Эксклюзивная форма бриджа с пазом позволяет увеличить угол струны на нижнем порожке. Это снижает натяжение струн вдоль грифа, уменьшая усталость пальцев и увеличивает длительность сустейна.

 Форма корпуса: фолк.
 20 ладов.
 Верхняя дека: красное дерево.
 Задняя дека и обечайка: красное дерево.
 Гриф: красное дерево.
 Накладка грифа и бридж: палисандр.
 Крепление грифа: ласточкин хвост.
 Система пружин: улучшенная X-образная.
 Цвет: натуральный.
 Отделка: открытые поры",https://muzlider.ru/catalog/gitary/akusticheskie_gitary/10943/,10350,TRUE,FALSE
Earth60-NAT Акустическая гитара Cort,Акустическая гитара,Cort,"В знак уважения к великим винтажным акустическим гитарам, серия Earth воспроизводит их внешний вид, звучание, ощущения и играбельность в бескомпромиссном качестве и по отличной цене. Earth60 представляет собой золотой стандарт акустических гитар: верхняя дека из массива ели. Вместе с нижней декой и обечайками из красного дерева эта комбинация древесины обеспечивает проверенный временем, фирменный, яркий, но при этом насыщенный тон, который любят все музыканты, в то время как полноразмерный корпус дредноут обеспечивает полноценный выход и мощную проекцию.

Верхняя дека из массива ситхинской ели.
Ель обеспечивает идеальный баланс между прочностью и гибкостью, поэтому она пользуется огромной популярностью как древесина, которую выбирают для верхних дек акустических гитар. Универсальный звуковой характер ели делает ее идеальной для самых разных музыкальных жанров и стилей игры.

Задняя дека и обечайка из красного дерева.
Яркое, но естественное звучание с сильными и теплыми средними частотами, красное дерево на протяжении многих десятилетий является стандартом для задней деки и обечаек акустических гитар премиум-класса.

Отделка с открытыми порами.
Отделка с открытыми порами не только улучшает резонанс древесины, но и снижает вес гитары, способствуя более комфортной игре.

Струны с покрытием.
Высококачественное покрытие струн противостоит влажности, грязи и поту, увеличивает срок службы и улучшает играбельность струн.

Крепление грифа ласточкин хвост.
Опытные мастера Cort тщательно и надежно крепят гриф к корпусу, используя соединение типа ""ласточкин хвост"". Такое соединение способствует передаче резонансных колебаний корпуса к грифу без потерь энергии, сохраняя при этом мельчайшие детали звучания.

Крепление грифа: ласточкин хвост.
Корпус: дредноут.
Ширина верхнего порожка: 43мм (1 11/16"").
Верхняя дека: массив ели.
Задняя дека и обечайка: красное дерево.
Гриф: красное дерево.
Окантовка: черная.
Накладка грифа: мербау.
Лады: 20.
Мензура: 648мм (25.5"").
Инкрустация накладки грифа: белые точки.
Колковая механика: литая.
Розетка: черная/кремовая.
Бридж: мербау.
Струны: с покрытием.
Система пружин: улучшенная X-образная.
Цвет: натуральный",https://muzlider.ru/catalog/gitary/akusticheskie_gitary/47972/,15190,TRUE,FALSE
Sevillia IWC-235 MTV Гитара акустическая,Акустическая гитара,Sevillia,"Верхняя дека: Меранти
Нижняя дека и обечайка: Меранти
Гриф: Меранти
Накладка грифа: Палисандр
Мензура: 650 мм
Бридж: Палисандр
Цвет гитары: Натуральный
Страна-производитель: Индонезия",https://muzlider.ru/catalog/gitary/akusticheskie_gitary/47085/,8950,TRUE,FALSE
Акустическая гитара Crafter D-7 NС,Акустическая гитара,Crafter,"Гитара CRAFTER D 7/NC во многом похожа на популярную модель D 6 и отличается верхней декой, выполненной из массива красного кедра. Форма корпуса «дредноут» – это, пожалуй, самая популярная форма акустических гитар. Разработанный компанией Martin в 20-х годах прошлого столетия, «дредноут» до сих пор считается стандартом для вестерн-гитар, который с успехом используется большинством производителей и огромным числом музыкантов, играющих в самых различных стилях. Эти корпуса имеют несколько больший размер, чем классические или оркестровые гитары, а звучание имеет явный акцент на низкие частоты.

Верхняя дека CRAFTER D 7/NC выполнена из массива красного кедра (Red Cedar), что дает гитаре глубокий и мощный звук с большой тональной гибкостью и с фокусировкой на средних частотах. Уникальное отличие этой древесины в том, что гитара сразу имеет более зрелый звук, чем с декой из аналогичной по возрасту ели. Внешне красный кедр имеет благородную текстуру древесины и затемненный цвет, что хорошо подчеркнуто матовым лаком, которым покрыт корпус из красного дерева, обеспечивающий насыщенное и идеально сбалансированное звучание.

Эту гитару вы можете купить в наших розничных магазинах или смело заказать в интернет магазине – все гитары проходят предпродажный осмотр, что гарантирует получение качественного инструмента. В комплекте с гитарой прилагается фирменный утепленный чехол, который надежно защищает её с момента выхода с фабрики.

Характеристики:

Форма корпуса – Dreadnought
Верхняя дека – массив кедра
Нижняя дека и обечайка – красное дерево
Гриф – красное дерево
Накладка на гриф – палисандр
Количество ладов – 20
Мензура – 647,7 мм
Подставка – индийский палисандр
M-образная схема крепления пружин
Хромированные колки
Матовая отделка
Струны – D'Addario EXP-16 (.012 - .053)
Цвет – коричневый
Фирменный чехол в комплекте
Страна-изготовитель – Китай",https://muzlider.ru/catalog/gitary/akusticheskie_gitary/13199/,43750,TRUE,FALSE
Акустическая Гитара Enya NOVA GO/SP1.BK,Акустическая гитара,Enya,"Тревел гитары Enya Nova Go — идеальный компаньон для музыкантов в дороге! Спроектированные с учетом долговечности, легкости и портативности, Enya Nova Go обеспечивают яркий и резонансный акустический звук. Полностью защищенный от атмосферных воздействий корпус из карбона позволяет им выдерживать любые климатические условия без ущерба для своих характеристик.
Nova Go может похвастаться такими инновационными функциями, повышающими удобство игры и комфорт, как дизайн с нулевым ладом и закругленные концы ладов, благодаря чему обеспечивается плавное действие струн и легкие переходы аккордов. Арочная конструкция задней деки усиливает проекцию и резонанс, позволяя вашим мелодиям заполнять любое пространство. Радиус накладки обеспечивает легкую навигацию по ладам, а корпус с закругленными краями - удобный захват при длительной игре. Nova Go демонстрирует тщательное мастерство изготовления и внимание к деталям. Инструмент не только потрясающе выглядит, но и обеспечивает исключительное качество звука, что делает его фаворитом среди взыскательных музыкантов.
Независимо от того, являетесь ли вы профессиональным музыкантом или заядлым путешественником, гитара Nova Go — это хорошо продуманный инструмент, превосходный как по ощущениям, так и по звуку.

Особенности

• Акустическая карбоновая гитара размером 1/2 (35"")
• Металлические лады с закругленными концами
• Арочная задняя дека и радиусная накладка грифа
• Водостойкая поверхность, легко чистится
• Система SP1 AcousticPlus® 2.0

Спецификация

Размер: 35"" (1/2)
Верхняя дека: карбон и поликарбонат
Задняя дека и обечайки: карбон и поликарбонат
Накладка грифа: Radius (R380) — карбон и поликарбонат
Гриф: карбон и поликарбонат
Колки: Golden литые
Порожек: карбон, поликарбонат и нулевой лад
Седло: кость, некомпенсированное
Бридж: карбон и поликарбонат
Струны: D'Addario® EXP16
Ширина порожка: 1-5/8""
Длина мензуры: 23-1/8""
Общая длина: 35""
Количество ладов: 20
Нижняя часть: 11-3/4""
Глубина корпуса: 2-7/8""
Батарея (AcousticPlus®): 2600 мАч/3,6 В
Электроника (опция): Enya SP1 AcousticPlus® 2.0
Bluetooth® (AcousticPlus®): V5.1
Отделка: Глянцевая
Цвет: Sparkle Black
Комплектация: кейс, ткань для полировки и кабель",https://muzlider.ru/catalog/gitary/akusticheskie_gitary/36984/,34190,TRUE,FALSE
Yamaha FSX800C CN электроакустическая гитара,Электроакустическая гитара,Yamaha,"YAMAHA FSX800C - электроакустическая гитара в корпусе концерт уменьшенного форм-фактора с удобным вырезом, доступная по весьма демократичной цене. Это инструмент, который станет отличным выбором для начинающих гитаристов и обучающихся игре на инструменте, а также тех, кто много играет пальцами. Модель удобна при игре, обладает глубоким, насыщенным звучанием. Верхняя дека FSX800C выполнена из цельной древесины ели, это придаёт инструменту прекрасные акустические характеристики и великолепный резонанс. Корпус - из древесины нато/окоуме. Гриф сделан из древесины нато с накладкой из палисандра. Отделка грифа – матовая. Лады инкрустированы маленькими точками. Бридж также выполнен из палисандра. Гитара оснащена качественной электроникой: предусилителем SYSTEM66 с пьезозвукоснимателем SRT. Звук настраивается с помощью трёхполосного эквалайзера и регулятора громкости, имеется встроенный тюнер.

Мензура: 634 мм (25”)
Длина корпуса: 497 мм (19 9/16"")
Длина гитары: 1021 мм (40 3/16"")
Ширина корпуса: 380 мм (14 15/16"")
Глубина корпуса: 90-110 мм (3 9/16”- 4 5/16”)
Ширина верхнего порожка: 43 мм (1 11/16”)
Верхняя дека: Массив, ель
Нижняя дека: Нато/ окуме
Обечайка: Нато/ окуме
Гриф: Нато
Накладка грифа: Палисандр
Радиус накладки грифа: R400 мм (15 3/4"")
Струнодержатель: Палисандр
Верхний порожек: Композит
Нижний порожек: Композит
Пробки струнодержателя: Чёрныйпластик с белыми точками
Колки: Литые хромированные(TM29T)
Окантовка корпуса: Чёрная
Инкрустация розетки: Чёрная + белая
Пикгард: Черепаховый
Покрытие корпуса: Глянцевое
Покрытие грифа: Матовое
Электроника: Пьезодатчик + блок электроники SYSTEM66
Регуляторы: Громкость/3-х полосный эквалайзер с параметрической серединой/тюнер
Аксессуары: Шестигранный анкерный ключ, 2 батарейки тип AA
Футляр: Нет
Тип корпуса: Folk с вырезом
Разъемы: Джек 1/4""
Струны: Yamaha FS50BT или D'Addario EXP11
Расстояние между струнами: 10.0 мм",https://muzlider.ru/catalog/aktsiya/47164/,42392,TRUE,TRUE
Earth60CE-NAT Электроакустика Cort,Электроакустическая гитара,Cort,"В знак уважения к великим винтажным акустическим гитарам, серия Earth воспроизводит их внешний вид, звучание, ощущения и играбельность в бескомпромиссном качестве и по отличной цене. Earth60 представляет собой золотой стандарт акустических гитар: верхняя дека из массива ели. Вместе с нижней декой и обечайками из красного дерева эта комбинация древесины обеспечивает проверенный временем, фирменный, яркий, но при этом насыщенный тон, который любят все музыканты, в то время как полноразмерный корпус дредноут обеспечивает полноценный выход и мощную проекцию.

Верхняя дека из массива ситхинской ели.
Ель обеспечивает идеальный баланс между прочностью и гибкостью, поэтому она пользуется огромной популярностью как древесина, которую выбирают для верхних дек акустических гитар. Универсальный звуковой характер ели делает ее идеальной для самых разных музыкальных жанров и стилей игры.

Задняя дека и обечайка из красного дерева.
Яркое, но естественное звучание с сильными и теплыми средними частотами, красное дерево на протяжении многих десятилетий является стандартом для задней деки и обечаек акустических гитар премиум-класса.

Отделка с открытыми порами.
Отделка с открытыми порами не только улучшает резонанс древесины, но и снижает вес гитары, способствуя более комфортной игре.

Струны с покрытием.
Высококачественное покрытие струн противостоит влажности, грязи и поту, увеличивает срок службы и улучшает играбельность струн.

Крепление грифа ласточкин хвост.
Опытные мастера Cort тщательно и надежно крепят гриф к корпусу, используя соединение типа ""ласточкин хвост"". Такое соединение способствует передаче резонансных колебаний корпуса к грифу без потерь энергии, сохраняя при этом мельчайшие детали звучания.

Крепление грифа: ласточкин хвост.
Корпус: дредноут, с вырезом.
Ширина верхнего порожка: 43мм (1 11/16"").
Верхняя дека: массив ели.
Задняя дека и обечайка: красное дерево.
Гриф: красное дерево.
Окантовка: черная.
Накладка грифа: мербау.
Лады: 20.
Мензура: 648мм (25.5"").
Инкрустация накладки грифа: белые точки.
Колковая механика: литая.
Розетка: черная/кремовая.
Бридж: мербау.
Электроника: Cort CE304T.
Струны: с покрытием.
Система пружин: улучшенная X-образная.
Цвет: натуральный",https://muzlider.ru/catalog/gitary/akusticheskie_gitary/47973/,18590,FALSE,FALSE
Акустическая гитара Fante FT-221-N,Акустическая гитара,Fante,"Форма корпуса: дредноут, с вырезом.
Верхняя дека: липа.
Задняя дека и обечайка: липа.
Гриф: катальпа с анкером.
Накладка грифа и бридж: пластик АБС.
Струны металлические.
Колковая механика: открытая.
Цвет: натуральный.",https://muzlider.ru/catalog/gitary/akusticheskie_gitary/16117/,3990,TRUE,FALSE
Гитара акустическая COWBOY 3810C BK,Акустическая гитара,COWBOY,"модель отличается большим резонансным корпусом и отличной громкостью. Для выступлений перед небольшой аудиторией даже не нужно будет подключать дополнительную аппаратуру.

Дизайн классически прост и лаконичен все идеально, нет ничего лишнего. Потрясающий цвет гитары, очень насыщенный и яркий! Равнодушных к такой гитаре просто не будет! Хромированные колки, аккуратная накладка, блестящий лак такой инструмент будет смотреться красиво как в небольшой компании, так и в концертном зале. Гитара COWBOY 3810C BK является лучшим инструментом в своей ценовой категории.

Характеристики гитара акустическая COWBOY 3810C BK 38"":

Гитара акустическая COWBOY 3810C BK 38""
С ВЫРЕЗОМ,
с металлическими струнами,
верхняя дека - липа,
нижняя дека и обечайка - липа,
гриф - клён,
накладка - клён,
порожек - клён,
цвет - чёрный",https://muzlider.ru/catalog/gitary/akusticheskie_gitary/22438/,3290,TRUE,FALSE
Акустическая гитара Cort AD810-BKS Standard Series,Акустическая гитара,Cort,"Акустическая гитара, Дредноут
Верхняя дека: ель
Нижняя дека и обечайка: махагон
Гриф: махагон (""С""-форма)
Накладка: палисандр
Бридж: палисандр
Колки:  Die-cast Chrome
Мензура: 25.5"" (647.7 мм)
Цвет: черный матовый",https://muzlider.ru/catalog/gitary/akusticheskie_gitary/10098/,10990,TRUE,FALSE
Гитара Enya NOVA GO/SP1.BL,Акустическая гитара,Enya,"Тревел гитары Enya Nova Go — идеальный компаньон для музыкантов в дороге! Спроектированные с учетом долговечности, легкости и портативности, Enya Nova Go обеспечивают яркий и резонансный акустический звук. Полностью защищенный от атмосферных воздействий корпус из карбона позволяет им выдерживать любые климатические условия без ущерба для своих характеристик.
Nova Go может похвастаться такими инновационными функциями, повышающими удобство игры и комфорт, как дизайн с нулевым ладом и закругленные концы ладов, благодаря чему обеспечивается плавное действие струн и легкие переходы аккордов. Арочная конструкция задней деки усиливает проекцию и резонанс, позволяя вашим мелодиям заполнять любое пространство. Радиус накладки обеспечивает легкую навигацию по ладам, а корпус с закругленными краями - удобный захват при длительной игре. Nova Go демонстрирует тщательное мастерство изготовления и внимание к деталям. Инструмент не только потрясающе выглядит, но и обеспечивает исключительное качество звука, что делает его фаворитом среди взыскательных музыкантов.
Независимо от того, являетесь ли вы профессиональным музыкантом или заядлым путешественником, гитара Nova Go — это хорошо продуманный инструмент, превосходный как по ощущениям, так и по звуку.

Особенности

• Акустическая карбоновая гитара размером 1/2 (35"")
• Металлические лады с закругленными концами
• Арочная задняя дека и радиусная накладка грифа
• Водостойкая поверхность, легко чистится
• Система SP1 AcousticPlus® 2.0

Спецификация

Размер: 35"" (1/2)
Верхняя дека: карбон и поликарбонат
Задняя дека и обечайки: карбон и поликарбонат
Накладка грифа: Radius (R380) — карбон и поликарбонат
Гриф: карбон и поликарбонат
Колки: Golden литые
Порожек: карбон, поликарбонат и нулевой лад
Седло: кость, некомпенсированное
Бридж: карбон и поликарбонат
Струны: D'Addario® EXP16
Ширина порожка: 1-5/8""
Длина мензуры: 23-1/8""
Общая длина: 35""
Количество ладов: 20
Нижняя часть: 11-3/4""
Глубина корпуса: 2-7/8""
Батарея (AcousticPlus®): 2600 мАч/3,6 В
Электроника (опция): Enya SP1 AcousticPlus® 2.0
Bluetooth® (AcousticPlus®): V5.1
Отделка: Глянцевая
Цвет: Sparkle Blue
Комплектация: кейс, ткань для полировки и кабель",https://muzlider.ru/catalog/gitary/akusticheskie_gitary/36986/,34190,TRUE,FALSE
Акустическая гитара Cort AD810-OP Standard Series,Акустическая гитара,Cort,"Standard Series самая старая серия акустических гитар Cort, определяется превосходным качеством и доступной ценой. Гитары линейки Standard доступны для начинающих и любителей, но предлагают отличные характеристики, а разнообразие моделей позволяет выбрать инструмент для любой ситуации.

Верхняя дека из ели.
Ель обладает идеальным балансом между прочностью и гибкостью. Этим объясняется чрезвычайная популярность применения этой древесины в качестве материала для верхней деки акустических гитар. Имея столь универсальный характер звучания, ель отлично подходит для различных музыкальных жанров и стилей игры.

Нижняя дека и обечайка из красного дерева.
Яркое, но естественное, с сильной и теплой серединой, красное дерево остается стандартом для задней деки и обечайки акустических гитар в течении многих десятилетий.

Крепление грифа ласточкин хвост.
Прочное соединение, выполненное опытными мастерами. Ласточкин хвост передает вибрацию и резонанс корпуса гитары грифу без потерь энергии.

Струны с покрытием.
Высококачественное покрытие струн противостоит влажности, грязи и поту, увеличивает срок службы и улучшает играбельность струн.

Бридж с пазом.
Эксклюзивная форма бриджа с пазом позволяет увеличить угол струны на нижнем порожке. Это снижает натяжение струн вдоль грифа, уменьшая усталость пальцев и увеличивает длительность сустейна.

Форма корпуса: дредноут.
Мензура: 643мм.
20 ладов.
Верхняя дека: ель.
Задняя дека и обечайка: красное дерево.
Гриф: красное дерево.
Накладка грифа и бридж: палисандр.
Крепление грифа: ласточкин хвост.
Колковая механика: литая.
Ширина грифа у верхнего порожка: 43мм.
Струны: с покрытием.
Система пружин: улучшенная X-образная.
Цвет: натуральный, открытые поры",https://muzlider.ru/catalog/gitary/akusticheskie_gitary/12240/,10350,TRUE,FALSE
Yamaha FS400C-NS Гитара акустическая,Акустическая гитара,Yamaha,"Дизайн.
Простые линии и сдержанная эстетика классического дизайна акустической гитары, доступные в трех различных корпусах, подходящих под ваш стиль игры. Легкие, но прочные, эти гитары предлагают качество, производительность и звук, которыми славятся инструменты Yamaha.

Каждая модель серии F400, доступная в натуральном или черном матовом исполнении, выглядит так же хорошо в вашей гостиной, как и в ваших руках. Хорошо сбалансированное ощущение и плавные контуры гарантируют игровой опыт, который обязательно впечатлит и вдохновит вас играть часами напролет.

Звук и играбельность.
Гитары серии F400 отличаются компактными, легкими корпусами, укороченными струнами и быстрым откликом, что делает их легкими для игры для любого человека. Сочетая в себе безошибочный тон Yamaha и мастерство, эти гитары обеспечивают насыщенный резонирующий звук с продолжительным сустейном.

Модель FS400C.
Компактный концертный корпус с вырезом для максимальной играбельности, особенно мелодий и лид партий.

FS400C предлагает тот же акцент на качестве и звуке, что и все акустические гитары Yamaha, и отличается простым современным дизайном. Удобный концертный корпус идеально подходит для молодых музыкантов или музыкантов небольшого роста.

Концертный корпус.
Современная матовая отделка и простой дизайн без защитной накладки и окантовки корпуса, что позволяет вам почувствовать текстуру дерева.
Сверхтонкое полиуретановое покрытие и тщательно продуманные пружины для максимального резонанса.
Длина мензуры 634 мм и более узкое расстояние между струнами для большего комфорта.
Высокая прочность и стабильность, подтвержденные стандартом качества Yamaha.

Форма корпуса: концертный, с вырезом.
Мензура: 634 мм.
Длина корпуса: 497 мм.
Общая длина: 1021 мм.
Ширина корпуса: 380 мм.
Толщина корпуса: 96-116 мм.
Ширина верхнего порожка: 43 мм.
Расстояние между струнами: 10 мм.
Верхняя дека: ель.
Задняя дека и обечайка: акустическая древесина местного происхождения.
Гриф: акустическая древесина местного происхождения.
Накладка грифа: палисандр.
Радиус накладки грифа: 400 мм.
Бридж: палисандр.
Порожки: карбамид.
Фиксаторы струн: пластик АБС, черные.
Колковая механика: TM-14P, хромированная.
Розетка: коричневая.
Толщины струн: .012/.016/.024/.032/.042/.053.
Цвет: натуральный.
Отделка: матовая.
",https://muzlider.ru/catalog/aktsiya/47072/,20880,TRUE,TRUE
Акустическая гитара Yamaha FG800 Black,Акустическая гитара,Yamaha,"FG800 – стандартная акустическая модель с простым и традиционным внешним видом, превосходного качества и по доступной цене. Аутентичное звучание отлично сбалансировано, а благодаря новому дизайну распорки, сама гитара достаточно прочная, и тем самым ее можно с уверенностью рекомендовать всем начинающим гитаристам.


Традиционный корпус вестерн
Верхняя дека из массива ели
Нижняя дека и обечайки нато/окуме
Новый дизайн распорки
Традиционный внешний вид и превосходное качество

Благодаря передовой технологии акустического анализа, разработанной Yamaha R&D, новые FG гитары имеют более громкое и сильное звучание в низко- и среднечастотном диапазоне. Это звучание достигнуто инженерами путем анализа и моделирования лучшего дизайна распорки, не полагаясь на традиции и догадки. Этот анализ привел к созданию нового образца распорки с новой и идеальной акустической структурой, которая обеспечивает прочность верхней деке и при этом позволяет гитаре звучать лучше. В каждом аспекте FG гитар заложено мастерство создания лучших гитар более 50 лет.    

Характеристики

Форма корпуса: традиционная вестерн
Мензура: 650 мм (25 9/16”)
Длина корпуса: 505 мм (19 7/8"")
Общая длина: 1038 мм (40 7/8"")
Ширина корпуса: 412 мм (16 1/4"")
Глубина: 100 – 118 мм (3 15/16”- 4 5/8”)
Ширина порожка: 43 мм
Верхняя дека: массив ели
Нижняя дека и обечайки: нато/окуме
Гриф: нато
Накладка: палисандр
Радиус накладки: 400 мм
Бридж: палисандр
Колки: литые, хром
Окантовка: черная
Инкрустация розетки: бело-черная
Накладка корпуса: черная
Отделка корпуса: глянцевая
Отделка грифа: матовая",https://muzlider.ru/catalog/gitary/akusticheskie_gitary/4981/,32990,TRUE,FALSE
Yamaha FS400C-SMB Гитара акустическая,Акустическая гитара,Yamaha,"Дизайн.
Простые линии и сдержанная эстетика классического дизайна акустической гитары, доступные в трех различных корпусах, подходящих под ваш стиль игры. Легкие, но прочные, эти гитары предлагают качество, производительность и звук, которыми славятся инструменты Yamaha.

Каждая модель серии F400, доступная в натуральном или черном матовом исполнении, выглядит так же хорошо в вашей гостиной, как и в ваших руках. Хорошо сбалансированное ощущение и плавные контуры гарантируют игровой опыт, который обязательно впечатлит и вдохновит вас играть часами напролет.

Звук и играбельность.
Гитары серии F400 отличаются компактными, легкими корпусами, укороченными струнами и быстрым откликом, что делает их легкими для игры для любого человека. Сочетая в себе безошибочный тон Yamaha и мастерство, эти гитары обеспечивают насыщенный резонирующий звук с продолжительным сустейном.

Модель FS400C.
Компактный концертный корпус с вырезом для максимальной играбельности, особенно мелодий и лид партий.

FS400C предлагает тот же акцент на качестве и звуке, что и все акустические гитары Yamaha, и отличается простым современным дизайном. Удобный концертный корпус идеально подходит для молодых музыкантов или музыкантов небольшого роста.

Концертный корпус.
Современная матовая отделка и простой дизайн без защитной накладки и окантовки корпуса, что позволяет вам почувствовать текстуру дерева.
Сверхтонкое полиуретановое покрытие и тщательно продуманные пружины для максимального резонанса.
Длина мензуры 634 мм и более узкое расстояние между струнами для большего комфорта.
Высокая прочность и стабильность, подтвержденные стандартом качества Yamaha.

Форма корпуса: концертный, с вырезом.
Мензура: 634 мм.
Длина корпуса: 497 мм.
Общая длина: 1021 мм.
Ширина корпуса: 380 мм.
Толщина корпуса: 96-116 мм.
Ширина верхнего порожка: 43 мм.
Расстояние между струнами: 10 мм.
Верхняя дека: ель.
Задняя дека и обечайка: акустическая древесина местного происхождения.
Гриф: акустическая древесина местного происхождения.
Накладка грифа: палисандр.
Радиус накладки грифа: 400 мм.
Бридж: палисандр.
Порожки: карбамид.
Фиксаторы струн: пластик АБС, черные.
Колковая механика: TM-14P, хромированная.
Розетка: белая.
Толщины струн: .012/.016/.024/.032/.042/.053.
Цвет: черный.
Отделка: матовая",https://muzlider.ru/catalog/aktsiya/47071/,20880,TRUE,TRUE
Гитара Enya NOVA GO/SP1.WH,Акустическая гитара,Enya,"Тревел гитары Enya Nova Go — идеальный компаньон для музыкантов в дороге! Спроектированные с учетом долговечности, легкости и портативности, Enya Nova Go обеспечивают яркий и резонансный акустический звук. Полностью защищенный от атмосферных воздействий корпус из карбона позволяет им выдерживать любые климатические условия без ущерба для своих характеристик.
Nova Go может похвастаться такими инновационными функциями, повышающими удобство игры и комфорт, как дизайн с нулевым ладом и закругленные концы ладов, благодаря чему обеспечивается плавное действие струн и легкие переходы аккордов. Арочная конструкция задней деки усиливает проекцию и резонанс, позволяя вашим мелодиям заполнять любое пространство. Радиус накладки обеспечивает легкую навигацию по ладам, а корпус с закругленными краями - удобный захват при длительной игре. Nova Go демонстрирует тщательное мастерство изготовления и внимание к деталям. Инструмент не только потрясающе выглядит, но и обеспечивает исключительное качество звука, что делает его фаворитом среди взыскательных музыкантов.
Независимо от того, являетесь ли вы профессиональным музыкантом или заядлым путешественником, гитара Nova Go — это хорошо продуманный инструмент, превосходный как по ощущениям, так и по звуку.

Особенности

• Акустическая карбоновая гитара размером 1/2 (35"")
• Металлические лады с закругленными концами
• Арочная задняя дека и радиусная накладка грифа
• Водостойкая поверхность, легко чистится
• Система SP1 AcousticPlus® 2.0

Спецификация

Размер: 35"" (1/2)
Верхняя дека: карбон и поликарбонат
Задняя дека и обечайки: карбон и поликарбонат
Накладка грифа: Radius (R380) — карбон и поликарбонат
Гриф: карбон и поликарбонат
Колки: Golden литые
Порожек: карбон, поликарбонат и нулевой лад
Седло: кость, некомпенсированное
Бридж: карбон и поликарбонат
Струны: D'Addario® EXP16
Ширина порожка: 1-5/8""
Длина мензуры: 23-1/8""
Общая длина: 35""
Количество ладов: 20
Нижняя часть: 11-3/4""
Глубина корпуса: 2-7/8""
Батарея (AcousticPlus®): 2600 мАч/3,6 В
Электроника (опция): Enya SP1 AcousticPlus® 2.0
Bluetooth® (AcousticPlus®): V5.1
Отделка: Глянцевая
Цвет: Sparkle Silver
Комплектация: кейс, ткань для полировки и кабель",https://muzlider.ru/catalog/gitary/akusticheskie_gitary/36985/,34190,TRUE,FALSE
Акустическая гитара Fante FT-D38-BK,Акустическая гитара,Fante,"Форма корпуса: дредноут с вырезом.
 Верхняя дека: липа.
 Задняя дека и обечайка: липа.
 Гриф: катальпа.
 Лады: 18.
 Накладка грифа и бридж: пластик АБС.
 Колковая механика: открытая.
 Металлические цветные струны.
 Крепление ремня.
 Цвет: черный",https://muzlider.ru/catalog/gitary/akusticheskie_gitary/12335/,2990,TRUE,FALSE
Электро-акустическая гитара Cort AD810E-OP Standard Series,Электроакустическая гитара,Cort,"Форма корпуса: дредноут
Ширина грифа у верхнего порожка: 43 мм
Верхняя дека: ель
Задняя дека и обечайка: красное дерево
Гриф: красное дерево
20 ладов
Накладка грифа и бридж: мербау
Крепление грифа: ласточкин хвост
Инкрустации: точки
Звукосниматель: керамический
Струны: с покрытием
Электроника: Cort CE304T
Система пружин: улучшенная X-образная
Цвет: натуральный
Отделка: открытые поры",https://muzlider.ru/catalog/gitary/akusticheskie_gitary/5302/,14560,TRUE,FALSE
Акустическая гитара Yamaha F310,Акустическая гитара,Yamaha,"Акустическая гитара YAMAHA F310 воплощает приверженность качеству дизайна и звучания, свойственному всем акустикам Yamaha, и объединяет эти достоинства в единое целое по непревзойденно доступной цене.

Идеальная гитара для всех
Прекрасный звук и отличное качество изготовления по демократичной цене - отличительные особенности гитары серии F. Эта гитара способна передавать самые тонкие оттенки настроения, ее можно назвать совершенным инструментом как для начинающих музыкантов, так и для опытных гитаристов

Удобна во всех смыслах
Традиционный дизайн дредноутов в сочетании с громким акустическим звучанием и хорошими игровыми качествами делают этот инструмент идеальным выбором. Юные гитаристы по достоинству оценят комфорт при игре благодаря немного уменьшенной глубине корпуса и средней длине мензуры.

Характеристики*:

Тип гитары: вестерн
Материал верхней деки: ель
Материал накладки: яванский палисандр
Корпус: индонезийское красное дерево
Глубина корпуса: 96-116 мм
Материал обечаек: индонезийское красное дерево
Гриф: красное дерево
Материал струнодержателя: палисандр Сонокелинг
Колки: хром",https://muzlider.ru/catalog/gitary/akusticheskie_gitary/36808/,16990,TRUE,FALSE